<vaultpackage xmlns="https://veevavault.com/">
  <name>Vault-Java-SDK-Custom-Pages-Hello-World-React-Webpack</name>
  <source>
    <vault>123456</vault>
    <author>vault.user@sandboxvault.com</author>
  </source>
  <packagetype>migration__v</packagetype>
  <summary>Vault Java SDK code and MDL for Vault Custom Pages Hello World (React Webpack)</summary>
  <description>This VPK contains code and components for the Vault Custom Pages Hello World (React Webpack) project</description>
  <javasdk>
    <deployment_option>incremental</deployment_option>
  </javasdk>
</vaultpackage>
